epoch,time,train/box_loss,train/cls_loss,train/dfl_loss,metrics/precision(B),metrics/recall(B),metrics/mAP50(B),metrics/mAP50-95(B),val/box_loss,val/cls_loss,val/dfl_loss,lr/pg0,lr/pg1,lr/pg2
1,7.06357,1.67619,3.48678,1.77648,0.00805,1,0.3449,0.16367,1.64118,3.03784,2.04177,6.668e-05,6.668e-05,6.668e-05
2,9.48526,1.86876,3.95913,2.03308,0.00744,1,0.79761,0.4553,1.16087,3.02041,1.51474,0.000120324,0.000120324,0.000120324
3,11.5892,1.32134,2.65475,1.44972,0.00715,1,0.87888,0.54832,0.92319,2.81927,1.27763,0.000140962,0.000140962,0.000140962
4,13.5346,1.45084,2.56774,1.71379,0.6824,0.89231,0.90372,0.60584,1.0199,2.74819,1.39566,0.000128592,0.000128592,0.000128592
5,15.4721,1.14442,2.10696,1.37728,1,0.09907,0.93035,0.64055,1.01957,2.65361,1.41182,8.32166e-05,8.32166e-05,8.32166e-05
